{
  "$schema": "https://schema.management.azure.com/schemas/0.1.2-preview/CreateUIDefinition.MultiVm.json#",
  "handler": "Microsoft.Azure.CreateUIDef",
  "version": "0.1.2-preview",
  "parameters": {
    "config": {
      "isWizard": false,
      "basics": {
        "description": "<img src=\"https://raw.githubusercontent.com/Azure/Azure-Sentinel/master/Logos/CTM360Logo.svg\" width=\"75px\" height=\"75px\">\n\n**Note:** Please refer to the following before installing the solution: \n\n• Review the solution [Release Notes](https://github.com/Azure/Azure-Sentinel/tree/master/Solutions/CTM360/ReleaseNotes.md)\n\n • There may be [known issues](https://aka.ms/sentinelsolutionsknownissues) pertaining to this Solution, please refer to them before installing.\n\nThe [HACKERVIEW](https://hackerview.ctm360.com/) and [CBS](https://cbs.ctm360.com/) solutions for Microsoft Sentinel enable you to ingest their respective event data into Microsoft Sentinel using the REST API. This integration streamlines the process of collecting and analyzing security event information. With these solutions, you can enhance your organization's ability to detect and respond to potential security threats effectively.\n\n## HACKERVIEW\n\n[HACKERVIEW](https://hackerview.ctm360.com/) is CTM360s External Attack Surface Management platform. It combines automated asset discovery, issue identification/management, remediation guidelines, security ratings, and third-party risk management. This platform maps your organizations digital presence automatically, operating in a passive and non-intrusive manner leveraging data in the public domain.\n\n## CyberBlindspot\n\n[CyberBlindspot](https://cbs.ctm360.com/) is CTM360 Digital Risk Protection platform which combines surface, deep, and dark web monitoring, including brand protection, anti-phishing, and takedowns. The platform enables you to take action on incidents derived from threat intelligence that is directly linked to your organization.\n\n**Data Connectors:** 2, **Analytic Rules:** 38\n\n[Learn more about Microsoft Sentinel](https://aka.ms/azuresentinel) | [Learn more about Solutions](https://aka.ms/azuresentinelsolutionsdoc)",
        "subscription": {
          "resourceProviders": [
            "Microsoft.OperationsManagement/solutions",
            "Microsoft.OperationalInsights/workspaces/providers/alertRules",
            "Microsoft.Insights/workbooks",
            "Microsoft.Logic/workflows"
          ]
        },
        "location": {
          "metadata": {
            "hidden": "Hiding location, we get it from the log analytics workspace"
          },
          "visible": false
        },
        "resourceGroup": {
          "allowExisting": true
        }
      }
    },
    "basics": [
      {
        "name": "getLAWorkspace",
        "type": "Microsoft.Solutions.ArmApiControl",
        "toolTip": "This filters by workspaces that exist in the Resource Group selected",
        "condition": "[greater(length(resourceGroup().name),0)]",
        "request": {
          "method": "GET",
          "path": "[concat(subscription().id,'/providers/Microsoft.OperationalInsights/workspaces?api-version=2020-08-01')]"
        }
      },
      {
        "name": "workspace",
        "type": "Microsoft.Common.DropDown",
        "label": "Workspace",
        "placeholder": "Select a workspace",
        "toolTip": "This dropdown will list only workspace that exists in the Resource Group selected",
        "constraints": {
          "allowedValues": "[map(filter(basics('getLAWorkspace').value, (filter) => contains(toLower(filter.id), toLower(resourceGroup().name))), (item) => parse(concat('{\"label\":\"', item.name, '\",\"value\":\"', item.name, '\"}')))]",
          "required": true
        },
        "visible": true
      }
    ],
    "steps": [
      {
        "name": "dataconnectors",
        "label": "Data Connectors",
        "bladeTitle": "Data Connectors",
        "elements": [
          {
            "name": "dataconnectors1-text",
            "type": "Microsoft.Common.TextBlock",
            "options": {
              "text": "This Solution installs the data connector for CTM360. You can get CTM360 custom log data in your Microsoft Sentinel workspace. After installing the solution, configure and enable this data connector by following guidance in Manage solution view."
            }
          },
          {
            "name": "dataconnectors2-text",
            "type": "Microsoft.Common.TextBlock",
            "options": {
              "text": "This Solution installs the data connector for CTM360. You can get CTM360 custom log data in your Microsoft Sentinel workspace. After installing the solution, configure and enable this data connector by following guidance in Manage solution view."
            }
          },
          {
            "name": "dataconnectors-link2",
            "type": "Microsoft.Common.TextBlock",
            "options": {
              "link": {
                "label": "Learn more about connecting data sources",
                "uri": "https://docs.microsoft.com/azure/sentinel/connect-data-sources"
              }
            }
          }
        ]
      },
      {
        "name": "analytics",
        "label": "Analytics",
        "subLabel": {
          "preValidation": "Configure the analytics",
          "postValidation": "Done"
        },
        "bladeTitle": "Analytics",
        "elements": [
          {
            "name": "analytics-text",
            "type": "Microsoft.Common.TextBlock",
            "options": {
              "text": "This solution installs the following analytic rule templates. After installing the solution, create and enable analytic rules in Manage solution view. "
            }
          },
          {
            "name": "analytics-link",
            "type": "Microsoft.Common.TextBlock",
            "options": {
              "link": {
                "label": "Learn more",
                "uri": "https://docs.microsoft.com/azure/sentinel/tutorial-detect-threats-custom?WT.mc_id=Portal-Microsoft_Azure_CreateUIDef"
              }
            }
          },
          {
            "name": "analytic1",
            "type": "Microsoft.Common.Section",
            "label": "Auto Generated Page",
            "elements": [
              {
                "name": "analytic1-text",
                "type": "Microsoft.Common.TextBlock",
                "options": {
                  "text": "New auto_generated_page with severity Low found"
                }
              }
            ]
          },
          {
            "name": "analytic2",
            "type": "Microsoft.Common.Section",
            "label": "Brand Abuse",
            "elements": [
              {
                "name": "analytic2-text",
                "type": "Microsoft.Common.TextBlock",
                "options": {
                  "text": "New Brand Abuse with severity High found"
                }
              }
            ]
          },
          {
            "name": "analytic3",
            "type": "Microsoft.Common.Section",
            "label": "Brand Impersonation - HIGH",
            "elements": [
              {
                "name": "analytic3-text",
                "type": "Microsoft.Common.TextBlock",
                "options": {
                  "text": "New brand_impersonation with severity High found"
                }
              }
            ]
          },
          {
            "name": "analytic4",
            "type": "Microsoft.Common.Section",
            "label": "Brand Impersonation - INFO",
            "elements": [
              {
                "name": "analytic4-text",
                "type": "Microsoft.Common.TextBlock",
                "options": {
                  "text": "New brand_impersonation with severity Low found"
                }
              }
            ]
          },
          {
            "name": "analytic5",
            "type": "Microsoft.Common.Section",
            "label": "Code Repository",
            "elements": [
              {
                "name": "analytic5-text",
                "type": "Microsoft.Common.TextBlock",
                "options": {
                  "text": "New code_repository with severity FYI found"
                }
              }
            ]
          },
          {
            "name": "analytic6",
            "type": "Microsoft.Common.Section",
            "label": "Compromised Cards",
            "elements": [
              {
                "name": "analytic6-text",
                "type": "Microsoft.Common.TextBlock",
                "options": {
                  "text": "New Compromised Cards with severity High found"
                }
              }
            ]
          },
          {
            "name": "analytic7",
            "type": "Microsoft.Common.Section",
            "label": "Cookies: HttpOnly Flag Not Used",
            "elements": [
              {
                "name": "analytic7-text",
                "type": "Microsoft.Common.TextBlock",
                "options": {
                  "text": "Cookies: HttpOnly Flag Not Used"
                }
              }
            ]
          },
          {
            "name": "analytic8",
            "type": "Microsoft.Common.Section",
            "label": "Cookies: SameSite Flag Not Used",
            "elements": [
              {
                "name": "analytic8-text",
                "type": "Microsoft.Common.TextBlock",
                "options": {
                  "text": "Cookies: SameSite Flag Not Used"
                }
              }
            ]
          },
          {
            "name": "analytic9",
            "type": "Microsoft.Common.Section",
            "label": "Cookies: Secure Flag Not Used",
            "elements": [
              {
                "name": "analytic9-text",
                "type": "Microsoft.Common.TextBlock",
                "options": {
                  "text": "Cookies: Secure Flag Not Used"
                }
              }
            ]
          },
          {
            "name": "analytic10",
            "type": "Microsoft.Common.Section",
            "label": "DMARC Not Configured",
            "elements": [
              {
                "name": "analytic10-text",
                "type": "Microsoft.Common.TextBlock",
                "options": {
                  "text": "DMARC Not Configured"
                }
              }
            ]
          },
          {
            "name": "analytic11",
            "type": "Microsoft.Common.Section",
            "label": "Domain Infringement",
            "elements": [
              {
                "name": "analytic11-text",
                "type": "Microsoft.Common.TextBlock",
                "options": {
                  "text": "Domain Infringement"
                }
              }
            ]
          },
          {
            "name": "analytic12",
            "type": "Microsoft.Common.Section",
            "label": "Executive Impersonation",
            "elements": [
              {
                "name": "analytic12-text",
                "type": "Microsoft.Common.TextBlock",
                "options": {
                  "text": "New Executive Impersonation with severity Informational found"
                }
              }
            ]
          },
          {
            "name": "analytic13",
            "type": "Microsoft.Common.Section",
            "label": "Exposed Admin Login Page",
            "elements": [
              {
                "name": "analytic13-text",
                "type": "Microsoft.Common.TextBlock",
                "options": {
                  "text": "Exposed Admin Login Page"
                }
              }
            ]
          },
          {
            "name": "analytic14",
            "type": "Microsoft.Common.Section",
            "label": "Exposed Email Address",
            "elements": [
              {
                "name": "analytic14-text",
                "type": "Microsoft.Common.TextBlock",
                "options": {
                  "text": "New Exposed Email Address with severity High found"
                }
              }
            ]
          },
          {
            "name": "analytic15",
            "type": "Microsoft.Common.Section",
            "label": "Exposed User List",
            "elements": [
              {
                "name": "analytic15-text",
                "type": "Microsoft.Common.TextBlock",
                "options": {
                  "text": "Exposed User List"
                }
              }
            ]
          },
          {
            "name": "analytic16",
            "type": "Microsoft.Common.Section",
            "label": "Header: Content Security Policy Missing",
            "elements": [
              {
                "name": "analytic16-text",
                "type": "Microsoft.Common.TextBlock",
                "options": {
                  "text": "Header: Content Security Policy Missing"
                }
              }
            ]
          },
          {
            "name": "analytic17",
            "type": "Microsoft.Common.Section",
            "label": "Header: HTTP Strict Transport Security Missing",
            "elements": [
              {
                "name": "analytic17-text",
                "type": "Microsoft.Common.TextBlock",
                "options": {
                  "text": "Header: HTTP Strict Transport Security Missing"
                }
              }
            ]
          },
          {
            "name": "analytic18",
            "type": "Microsoft.Common.Section",
            "label": "Header: Referrer-Policy Missing",
            "elements": [
              {
                "name": "analytic18-text",
                "type": "Microsoft.Common.TextBlock",
                "options": {
                  "text": "Header: Referrer-Policy Missing"
                }
              }
            ]
          },
          {
            "name": "analytic19",
            "type": "Microsoft.Common.Section",
            "label": "Header: Web Server Exposed",
            "elements": [
              {
                "name": "analytic19-text",
                "type": "Microsoft.Common.TextBlock",
                "options": {
                  "text": "Header: Web Server Exposed"
                }
              }
            ]
          },
          {
            "name": "analytic20",
            "type": "Microsoft.Common.Section",
            "label": "Header: X-Frame-Options Missing - Informational",
            "elements": [
              {
                "name": "analytic20-text",
                "type": "Microsoft.Common.TextBlock",
                "options": {
                  "text": "Header: X-Frame-Options Missing"
                }
              }
            ]
          },
          {
            "name": "analytic21",
            "type": "Microsoft.Common.Section",
            "label": "Header: X-Frame-Options Missing - Low",
            "elements": [
              {
                "name": "analytic21-text",
                "type": "Microsoft.Common.TextBlock",
                "options": {
                  "text": "Header: X-Frame-Options Missing"
                }
              }
            ]
          },
          {
            "name": "analytic22",
            "type": "Microsoft.Common.Section",
            "label": "Header: X-Frame-Options Missing - Medium",
            "elements": [
              {
                "name": "analytic22-text",
                "type": "Microsoft.Common.TextBlock",
                "options": {
                  "text": "Header: X-Frame-Options Missing"
                }
              }
            ]
          },
          {
            "name": "analytic23",
            "type": "Microsoft.Common.Section",
            "label": "Header: X-XSS-Protection Missing",
            "elements": [
              {
                "name": "analytic23-text",
                "type": "Microsoft.Common.TextBlock",
                "options": {
                  "text": "Header: X-XSS-Protection Missing"
                }
              }
            ]
          },
          {
            "name": "analytic24",
            "type": "Microsoft.Common.Section",
            "label": "Leaked Credential",
            "elements": [
              {
                "name": "analytic24-text",
                "type": "Microsoft.Common.TextBlock",
                "options": {
                  "text": "New Leaked Credential with severity High found"
                }
              }
            ]
          },
          {
            "name": "analytic25",
            "type": "Microsoft.Common.Section",
            "label": "Phishing",
            "elements": [
              {
                "name": "analytic25-text",
                "type": "Microsoft.Common.TextBlock",
                "options": {
                  "text": "New phishing with severity High found"
                }
              }
            ]
          },
          {
            "name": "analytic26",
            "type": "Microsoft.Common.Section",
            "label": "SPF Not Configured",
            "elements": [
              {
                "name": "analytic26-text",
                "type": "Microsoft.Common.TextBlock",
                "options": {
                  "text": "SPF Not Configured"
                }
              }
            ]
          },
          {
            "name": "analytic27",
            "type": "Microsoft.Common.Section",
            "label": "SPF Policy Set to Soft Fail",
            "elements": [
              {
                "name": "analytic27-text",
                "type": "Microsoft.Common.TextBlock",
                "options": {
                  "text": "SPF Policy Set to Soft Fail"
                }
              }
            ]
          },
          {
            "name": "analytic28",
            "type": "Microsoft.Common.Section",
            "label": "Subdomain Infringement",
            "elements": [
              {
                "name": "analytic28-text",
                "type": "Microsoft.Common.TextBlock",
                "options": {
                  "text": "New Subdomain Infringement with severity Low found"
                }
              }
            ]
          },
          {
            "name": "analytic29",
            "type": "Microsoft.Common.Section",
            "label": "Subresource Integrity (SRI) Not Implemented",
            "elements": [
              {
                "name": "analytic29-text",
                "type": "Microsoft.Common.TextBlock",
                "options": {
                  "text": "Subresource Integrity (SRI) Not Implemented"
                }
              }
            ]
          },
          {
            "name": "analytic30",
            "type": "Microsoft.Common.Section",
            "label": "Suspicious Mobile App High",
            "elements": [
              {
                "name": "analytic30-text",
                "type": "Microsoft.Common.TextBlock",
                "options": {
                  "text": "New Suspicious Mobile App with severity High found"
                }
              }
            ]
          },
          {
            "name": "analytic31",
            "type": "Microsoft.Common.Section",
            "label": "Suspicious Mobile App INFO",
            "elements": [
              {
                "name": "analytic31-text",
                "type": "Microsoft.Common.TextBlock",
                "options": {
                  "text": "New Suspicious Mobile App with severity Informational found"
                }
              }
            ]
          },
          {
            "name": "analytic32",
            "type": "Microsoft.Common.Section",
            "label": "TLS Certificate Hostname Mismatch",
            "elements": [
              {
                "name": "analytic32-text",
                "type": "Microsoft.Common.TextBlock",
                "options": {
                  "text": "TLS Certificate Hostname Mismatch"
                }
              }
            ]
          },
          {
            "name": "analytic33",
            "type": "Microsoft.Common.Section",
            "label": "TLS Certificate Using Weak Cipher - Informational",
            "elements": [
              {
                "name": "analytic33-text",
                "type": "Microsoft.Common.TextBlock",
                "options": {
                  "text": "TLS Certificate Using Weak Cipher"
                }
              }
            ]
          },
          {
            "name": "analytic34",
            "type": "Microsoft.Common.Section",
            "label": "TLS Certificate Using Weak Cipher - Medium",
            "elements": [
              {
                "name": "analytic34-text",
                "type": "Microsoft.Common.TextBlock",
                "options": {
                  "text": "TLS Certificate Using Weak Cipher"
                }
              }
            ]
          },
          {
            "name": "analytic35",
            "type": "Microsoft.Common.Section",
            "label": "TLSv1.1 in Use - info",
            "elements": [
              {
                "name": "analytic35-text",
                "type": "Microsoft.Common.TextBlock",
                "options": {
                  "text": "TLSv1.1 in Use"
                }
              }
            ]
          },
          {
            "name": "analytic36",
            "type": "Microsoft.Common.Section",
            "label": "TLSv1.1 in Use - Medium",
            "elements": [
              {
                "name": "analytic36-text",
                "type": "Microsoft.Common.TextBlock",
                "options": {
                  "text": "TLSv1.1 in Use"
                }
              }
            ]
          },
          {
            "name": "analytic37",
            "type": "Microsoft.Common.Section",
            "label": "TLSv1 in Use - Low",
            "elements": [
              {
                "name": "analytic37-text",
                "type": "Microsoft.Common.TextBlock",
                "options": {
                  "text": "TLSv1 in Use"
                }
              }
            ]
          },
          {
            "name": "analytic38",
            "type": "Microsoft.Common.Section",
            "label": "TLSv1 in Use - Medium",
            "elements": [
              {
                "name": "analytic38-text",
                "type": "Microsoft.Common.TextBlock",
                "options": {
                  "text": "TLSv1 in Use"
                }
              }
            ]
          }
        ]
      }
    ],
    "outputs": {
      "workspace-location": "[first(map(filter(basics('getLAWorkspace').value, (filter) => and(contains(toLower(filter.id), toLower(resourceGroup().name)),equals(filter.name,basics('workspace')))), (item) => item.location))]",
      "location": "[location()]",
      "workspace": "[basics('workspace')]"
    }
  }
}
